name,cover,birthday,city
朴多贤,http://www.meinv.hk/wp-content/themes/Grace/timthumb.php?src=http://www.meinv.hk/wp-content/uploads/2019/11/2019112807423116.jpeg&h=300&w=750&zc=1,,
柳岩,http://www.meinv.hk/wp-content/themes/Grace/timthumb.php?src=http://www.meinv.hk/wp-content/uploads/2019/11/2019112807393859.jpg&h=300&w=750&zc=1,1980年11月8日,湖南衡阳
李妍静,http://www.meinv.hk/wp-content/themes/Grace/timthumb.php?src=http://www.meinv.hk/wp-content/uploads/2019/11/2019112807372745.jpg&h=300&w=750&zc=1,1992年7月5日,韩国首尔
李乔丹,http://www.meinv.hk/wp-content/themes/Grace/timthumb.php?src=http://www.meinv.hk/wp-content/uploads/2019/11/2019112807334893.jpg&h=300&w=750&zc=1,1990年3月8日,山西太原
李冰冰,http://www.meinv.hk/wp-content/themes/Grace/timthumb.php?src=http://www.meinv.hk/wp-content/uploads/2019/11/2019112807312129.jpg&h=300&w=750&zc=1,1973年2月27日,黑龙江哈尔滨
金鑫,http://www.meinv.hk/wp-content/themes/Grace/timthumb.php?src=http://www.meinv.hk/wp-content/uploads/2019/11/2019112807293313.jpg&h=300&w=750&zc=1,,
蒋梦婕,http://www.meinv.hk/wp-content/themes/Grace/timthumb.php?src=http://www.meinv.hk/wp-content/uploads/2019/11/2019112714592682.jpg&h=300&w=750&zc=1,1989年12月7日,安徽芜湖
胡静,http://www.meinv.hk/wp-content/themes/Grace/timthumb.php?src=http://www.meinv.hk/wp-content/uploads/2019/11/2019112714555573.jpg&h=300&w=750&zc=1,11月13日,云南楚雄
桂纶镁,http://www.meinv.hk/wp-content/themes/Grace/timthumb.php?src=http://www.meinv.hk/wp-content/uploads/2019/11/2019112714520526.jpg&h=300&w=750&zc=1,1983年12月25日,台湾
戴佩妮,http://www.meinv.hk/wp-content/themes/Grace/timthumb.php?src=http://www.meinv.hk/wp-content/uploads/2019/11/2019112714472289.jpg&h=300&w=750&zc=1,1978年4月22日,马来西亚柔佛州
陈妍希,http://www.meinv.hk/wp-content/themes/Grace/timthumb.php?src=http://www.meinv.hk/wp-content/uploads/2019/11/2019112714430559.jpg&h=300&w=750&zc=1,1983年5月31日,台湾台北
陈姝君,http://www.meinv.hk/wp-content/themes/Grace/timthumb.php?src=http://www.meinv.hk/wp-content/uploads/2019/11/2019112714405844.jpg&h=300&w=750&zc=1,1997年底,陕西西安
陈冰,http://www.meinv.hk/wp-content/themes/Grace/timthumb.php?src=http://www.meinv.hk/wp-content/uploads/2019/11/2019112714365144.jpeg&h=300&w=750&zc=1,1990年5月1日,吉林延吉
张梓琳,http://www.meinv.hk/wp-content/themes/Grace/timthumb.php?src=http://www.meinv.hk/wp-content/uploads/2019/11/2019112208085882.jpg&h=300&w=750&zc=1,1984年3月22日,河北石家庄
张静初,http://www.meinv.hk/wp-content/themes/Grace/timthumb.php?src=http://www.meinv.hk/wp-content/uploads/2019/11/2019112208065249.jpg&h=300&w=750&zc=1,1980年2月2日,福建永安
殷桃,http://www.meinv.hk/wp-content/themes/Grace/timthumb.php?src=http://www.meinv.hk/wp-content/uploads/2019/11/2019112208041297.jpg&h=300&w=750&zc=1,1979年12月6日,重庆
徐若瑄,http://www.meinv.hk/wp-content/themes/Grace/timthumb.php?src=http://www.meinv.hk/wp-content/uploads/2019/11/2019112208020581.jpg&h=300&w=750&zc=1,1975年3月19日,台湾台中
吴佩慈,http://www.meinv.hk/wp-content/themes/Grace/timthumb.php?src=http://www.meinv.hk/wp-content/uploads/2019/11/2019112207592485.jpg&h=300&w=750&zc=1,1978年10月4日,台湾新北
陈懿,http://www.meinv.hk/wp-content/themes/Grace/timthumb.php?src=http://www.meinv.hk/wp-content/uploads/2019/11/2019112207565195.jpg&h=300&w=750&zc=1,10月31日,江苏苏州
Amanda Gontijo,http://www.meinv.hk/wp-content/themes/Grace/timthumb.php?src=http://www.meinv.hk/wp-content/uploads/2019/11/2019112207545031.jpg&h=300&w=750&zc=1,,
泽尻英龙华 さわじり エリカ,http://www.meinv.hk/wp-content/themes/Grace/timthumb.php?src=http://www.meinv.hk/wp-content/uploads/2019/11/2019112008281845.jpg&h=300&w=750&zc=1,1986年4月8日,日本东京
吴谨言,http://www.meinv.hk/wp-content/themes/Grace/timthumb.php?src=http://www.meinv.hk/wp-content/uploads/2019/11/2019112008260469.jpeg&h=300&w=750&zc=1,1990年8月16日,四川成都
毛晓彤,http://www.meinv.hk/wp-content/themes/Grace/timthumb.php?src=http://www.meinv.hk/wp-content/uploads/2019/11/2019112008235026.jpeg&h=300&w=750&zc=1,1988年2月16日,天津
江铠同,http://www.meinv.hk/wp-content/themes/Grace/timthumb.php?src=http://www.meinv.hk/wp-content/uploads/2019/11/2019112008214075.jpg&h=300&w=750&zc=1,1989年10月24日,山东青岛
贾静雯,http://www.meinv.hk/wp-content/themes/Grace/timthumb.php?src=http://www.meinv.hk/wp-content/uploads/2019/11/2019112008182957.jpg&h=300&w=750&zc=1,1974年10月7日,台湾台北
陈数,http://www.meinv.hk/wp-content/themes/Grace/timthumb.php?src=http://www.meinv.hk/wp-content/uploads/2019/11/2019112008153127.jpg&h=300&w=750&zc=1,1977年3月9日,湖北黄石
鲍天琦,http://www.meinv.hk/wp-content/themes/Grace/timthumb.php?src=http://www.meinv.hk/wp-content/uploads/2019/11/2019112008125781.jpg&h=300&w=750&zc=1,1992年8月17日,北京
郑秀妍 Jung Soo Yeon 정수연 ジェシカ,http://www.meinv.hk/wp-content/themes/Grace/timthumb.php?src=http://www.meinv.hk/wp-content/uploads/2019/11/2019112006543123.jpg&h=300&w=750&zc=1,1989年4月18日,韩国
权俞利 Kwon Yu Ri 권유리 クォン・ユリ,http://www.meinv.hk/wp-content/themes/Grace/timthumb.php?src=http://www.meinv.hk/wp-content/uploads/2019/11/2019112006524574.jpg&h=300&w=750&zc=1,1989年12月5日,韩国
林允儿 Lim Yoon A 임윤아 ユナ,http://www.meinv.hk/wp-content/themes/Grace/timthumb.php?src=http://www.meinv.hk/wp-content/uploads/2019/11/2019112006484756.jpg&h=300&w=750&zc=1,1990年5月30日,韩国
金泰妍 Kim TaeYeon 김태연,http://www.meinv.hk/wp-content/themes/Grace/timthumb.php?src=http://www.meinv.hk/wp-content/uploads/2019/11/2019112006443383.jpg&h=300&w=750&zc=1,1989年3月9日,韩国
黄美英 Tiffany Young 티파니,http://www.meinv.hk/wp-content/themes/Grace/timthumb.php?src=http://www.meinv.hk/wp-content/uploads/2019/11/2019112006412486.jpeg&h=300&w=750&zc=1,1989年8月1日,韩国
洪秀儿,http://www.meinv.hk/wp-content/themes/Grace/timthumb.php?src=http://www.meinv.hk/wp-content/uploads/2019/11/2019111809212621.jpg&h=300&w=750&zc=1,1986年6月30日,韩国
白宝蓝,http://www.meinv.hk/wp-content/themes/Grace/timthumb.php?src=http://www.meinv.hk/wp-content/uploads/2019/11/2019111809180386.jpg&h=300&w=750&zc=1,1988年6月18日,韩国首尔
童可可,http://www.meinv.hk/wp-content/themes/Grace/timthumb.php?src=http://www.meinv.hk/wp-content/uploads/2019/11/2019111809160171.jpg&h=300&w=750&zc=1,1992年1月27日,湖南长沙
冯提莫 2019,http://www.meinv.hk/wp-content/themes/Grace/timthumb.php?src=http://www.meinv.hk/wp-content/uploads/2019/11/2019111809131255.jpg&h=300&w=750&zc=1,1991年12月19日,重庆
热依扎,http://www.meinv.hk/wp-content/themes/Grace/timthumb.php?src=http://www.meinv.hk/wp-content/uploads/2019/11/2019111809101586.jpg&h=300&w=750&zc=1,1986年7月15日,北京
你的兔妹妹,http://www.meinv.hk/wp-content/themes/Grace/timthumb.php?src=http://www.meinv.hk/wp-content/uploads/2019/11/2019111809054997.jpg&h=300&w=750&zc=1,11月20日,直播签约主播
芮呈和,http://www.meinv.hk/wp-content/themes/Grace/timthumb.php?src=http://www.meinv.hk/wp-content/uploads/2019/11/2019111808593861.jpg&h=300&w=750&zc=1,1988年5月23日,韩国首尔
徐冬冬,http://www.meinv.hk/wp-content/themes/Grace/timthumb.php?src=http://www.meinv.hk/wp-content/uploads/2019/11/2019111721512762.jpg&h=300&w=750&zc=1,1990年2月16日,哈尔滨
郭MINI,http://www.meinv.hk/wp-content/themes/Grace/timthumb.php?src=http://www.meinv.hk/wp-content/uploads/2019/11/2019110522180291.jpg&h=300&w=750&zc=1,1990年1月4日,上海
崔瑟琪 Choi,http://www.meinv.hk/wp-content/themes/Grace/timthumb.php?src=http://www.meinv.hk/wp-content/uploads/2019/11/2019110521514621.jpg&h=300&w=750&zc=1,1986年2月13日,韩国
道晖芝 Dovely,http://www.meinv.hk/wp-content/themes/Grace/timthumb.php?src=http://www.meinv.hk/wp-content/uploads/2019/11/2019110521480765.jpg&h=300&w=750&zc=1,1991年5月6日,韩国
杨紫,http://www.meinv.hk/wp-content/themes/Grace/timthumb.php?src=http://www.meinv.hk/wp-content/uploads/2019/11/2019110520460463.jpg&h=300&w=750&zc=1,1992年11月6日,北京
杨幂,http://www.meinv.hk/wp-content/themes/Grace/timthumb.php?src=http://www.meinv.hk/wp-content/uploads/2019/11/2019110520440441.jpg&h=300&w=750&zc=1,1986年9月12日,北京
孙怡,http://www.meinv.hk/wp-content/themes/Grace/timthumb.php?src=http://www.meinv.hk/wp-content/uploads/2019/11/2019110520423360.jpg&h=300&w=750&zc=1,1993年6月4日,吉林集安
李沁,http://www.meinv.hk/wp-content/themes/Grace/timthumb.php?src=http://www.meinv.hk/wp-content/uploads/2019/11/2019110520405413.jpg&h=300&w=750&zc=1,1990年9月27日,江苏苏州
豆得儿,http://www.meinv.hk/wp-content/themes/Grace/timthumb.php?src=http://www.meinv.hk/wp-content/uploads/2019/11/2019110520380063.jpg&h=300&w=750&zc=1,1995年,四川都江堰
徐雅,http://www.meinv.hk/wp-content/themes/Grace/timthumb.php?src=http://www.meinv.hk/wp-content/uploads/2019/11/2019110422412633.jpg&h=300&w=750&zc=1,,
徐恩智,http://www.meinv.hk/wp-content/themes/Grace/timthumb.php?src=http://www.meinv.hk/wp-content/uploads/2019/11/2019110422300637.jpg&h=300&w=750&zc=1,,
雪梨 셀리,http://www.meinv.hk/wp-content/themes/Grace/timthumb.php?src=http://www.meinv.hk/wp-content/uploads/2019/11/2019110422014471.jpg&h=300&w=750&zc=1,1995年12月21日,韩国
徐珠贤 Seohyun,http://www.meinv.hk/wp-content/themes/Grace/timthumb.php?src=http://www.meinv.hk/wp-content/uploads/2019/11/2019110421381746.jpeg&h=300&w=750&zc=1,1991年6月28日,韩国首尔
朱敏希 Joo Min Hee,http://www.meinv.hk/wp-content/themes/Grace/timthumb.php?src=http://www.meinv.hk/wp-content/uploads/2019/11/2019110421000073.jpg&h=300&w=750&zc=1,1993年1月3日,韩国
孟美岐,http://www.meinv.hk/wp-content/themes/Grace/timthumb.php?src=http://www.meinv.hk/wp-content/uploads/2019/11/2019110322421779.jpg&h=300&w=750&zc=1,1998年10月15日,河南洛阳
石原里美 石原さとみ,http://www.meinv.hk/wp-content/themes/Grace/timthumb.php?src=http://www.meinv.hk/wp-content/uploads/2019/10/2019103109262876.jpg&h=300&w=750&zc=1,1986年12月24日,日本东京
松冈茉优 MAYU MATSUOKA まつおか まゆ,http://www.meinv.hk/wp-content/themes/Grace/timthumb.php?src=http://www.meinv.hk/wp-content/uploads/2019/10/2019103109020279.jpg&h=300&w=750&zc=1,1995年2月16日,日本东京
青山知可子 Chikako Aoyama あおやま ちかこ,http://www.meinv.hk/wp-content/themes/Grace/timthumb.php?src=http://www.meinv.hk/wp-content/uploads/2019/10/2019103108330495.jpg&h=300&w=750&zc=1,1966年7月7日,日本大阪
许允美 허윤미,http://www.meinv.hk/wp-content/themes/Grace/timthumb.php?src=http://www.meinv.hk/wp-content/uploads/2019/10/2019103022265227.jpg&h=300&w=750&zc=1,1986年3月23日,韩国仁川
周二珂,http://www.meinv.hk/wp-content/themes/Grace/timthumb.php?src=http://www.meinv.hk/wp-content/uploads/2019/10/2019102919024719.jpg&h=300&w=750&zc=1,1995年1月6日,广东湛江
阿冷 2019,http://www.meinv.hk/wp-content/themes/Grace/timthumb.php?src=http://www.meinv.hk/wp-content/uploads/2019/10/2019102723135551.jpg&h=300&w=750&zc=1,1992年11月06日,江西鹰潭
朴孝敏 Park Hyo Min 박효민,http://www.meinv.hk/wp-content/themes/Grace/timthumb.php?src=http://www.meinv.hk/wp-content/uploads/2019/10/2019102710360157.jpg&h=300&w=750&zc=1,1989年5月30日,韩国釜山
张天爱 2019,http://www.meinv.hk/wp-content/themes/Grace/timthumb.php?src=http://www.meinv.hk/wp-content/uploads/2019/10/2019102617221872.jpg&h=300&w=750&zc=1,1990年10月28日,哈尔滨
薇娅,http://www.meinv.hk/wp-content/themes/Grace/timthumb.php?src=http://www.meinv.hk/wp-content/uploads/2019/10/2019102520315589.jpg&h=300&w=750&zc=1,,
王钟瑶,http://www.meinv.hk/wp-content/themes/Grace/timthumb.php?src=http://www.meinv.hk/wp-content/uploads/2019/10/2019102421324038.jpeg&h=300&w=750&zc=1,1993年07月20日,吉林长春
郑秀晶 Krystal,http://www.meinv.hk/wp-content/themes/Grace/timthumb.php?src=http://www.meinv.hk/wp-content/uploads/2019/10/2019102320360863.jpg&h=300&w=750&zc=1,1994年10月24日,旧金山
郭珍霓,http://www.meinv.hk/wp-content/themes/Grace/timthumb.php?src=http://www.meinv.hk/wp-content/uploads/2019/10/2019102119433552.jpg&h=300&w=750&zc=1,1982年1月8日,哈尔滨
佟丽娅,http://www.meinv.hk/wp-content/themes/Grace/timthumb.php?src=http://www.meinv.hk/wp-content/uploads/2019/10/2019101621230334.jpg&h=300&w=750&zc=1,1983年8月8日,新疆伊犁察布查尔
朱颜曼滋,http://www.meinv.hk/wp-content/themes/Grace/timthumb.php?src=http://www.meinv.hk/wp-content/uploads/2019/10/2019101421084618.jpg&h=300&w=750&zc=1,1993年11月7日,内蒙古
珂亚雪,http://www.meinv.hk/wp-content/themes/Grace/timthumb.php?src=http://www.meinv.hk/wp-content/uploads/2019/09/2019092619003127.jpg&h=300&w=750&zc=1,,
刘亦菲,http://www.meinv.hk/wp-content/themes/Grace/timthumb.php?src=http://www.meinv.hk/wp-content/uploads/2019/07/2019071516085067.jpg&h=300&w=750&zc=1,1987年8月25日,湖北武汉
张嘉倪,http://www.meinv.hk/wp-content/themes/Grace/timthumb.php?src=http://www.meinv.hk/wp-content/uploads/2019/07/2019071516053495.jpeg&h=300&w=750&zc=1,1987年6月22日,四川成都
赵丽颖,http://www.meinv.hk/wp-content/themes/Grace/timthumb.php?src=http://www.meinv.hk/wp-content/uploads/2019/07/2019071516020954.jpg&h=300&w=750&zc=1,1987年10月16日,河北廊坊
张钧甯 2019,http://www.meinv.hk/wp-content/themes/Grace/timthumb.php?src=http://www.meinv.hk/wp-content/uploads/2019/07/2019071515594184.jpeg&h=300&w=750&zc=1,1982年9月4日,德国
新垣结衣,http://www.meinv.hk/wp-content/themes/Grace/timthumb.php?src=http://www.meinv.hk/wp-content/uploads/2019/07/2019071515575324.jpg&h=300&w=750&zc=1,1988年6月11日,日本冲绳
吴千语,http://www.meinv.hk/wp-content/themes/Grace/timthumb.php?src=http://www.meinv.hk/wp-content/uploads/2019/07/2019071515553697.jpg&h=300&w=750&zc=1,1993年10月27日,浙江
唐嫣,http://www.meinv.hk/wp-content/themes/Grace/timthumb.php?src=http://www.meinv.hk/wp-content/uploads/2019/07/2019071515525337.jpg&h=300&w=750&zc=1,1983年12月6日,上海
谭卓,http://www.meinv.hk/wp-content/themes/Grace/timthumb.php?src=http://www.meinv.hk/wp-content/uploads/2019/07/2019071515483092.jpg&h=300&w=750&zc=1,1983年9月25日,吉林长春
宋佳,http://www.meinv.hk/wp-content/themes/Grace/timthumb.php?src=http://www.meinv.hk/wp-content/uploads/2019/07/2019071515465345.jpg&h=300&w=750&zc=1,1980年11月13日,黑龙江哈尔滨
宋祖儿,http://www.meinv.hk/wp-content/themes/Grace/timthumb.php?src=http://www.meinv.hk/wp-content/uploads/2019/07/2019071515361180.jpg&h=300&w=750&zc=1,1998年5月23日,天津
迪丽热巴,http://www.meinv.hk/wp-content/themes/Grace/timthumb.php?src=http://www.meinv.hk/wp-content/uploads/2019/07/2019071515332782.jpg&h=300&w=750&zc=1,1992年6月3日,新疆乌鲁木齐
陈乔恩,http://www.meinv.hk/wp-content/themes/Grace/timthumb.php?src=http://www.meinv.hk/wp-content/uploads/2019/07/2019071515305866.jpg&h=300&w=750&zc=1,1979年4月4日,台湾新竹
江疏影 2019,http://www.meinv.hk/wp-content/themes/Grace/timthumb.php?src=http://www.meinv.hk/wp-content/uploads/2019/07/2019071500590644.jpg&h=300&w=750&zc=1,1986年9月1日,上海
潘晓婷,http://www.meinv.hk/wp-content/themes/Grace/timthumb.php?src=http://www.meinv.hk/wp-content/uploads/2019/07/2019070823204746.jpg&h=300&w=750&zc=1,1982年2月25日,山东兖州
李成敏,http://www.meinv.hk/wp-content/themes/Grace/timthumb.php?src=http://www.meinv.hk/wp-content/uploads/2019/07/2019070612343869.jpg&h=300&w=750&zc=1,1986年1月15日,瑞士
鞠婧祎,http://www.meinv.hk/wp-content/themes/Grace/timthumb.php?src=http://www.meinv.hk/wp-content/uploads/2019/07/2019070118255256.jpg&h=300&w=750&zc=1,1994年6月18日,四川遂宁
陈小纭,http://www.meinv.hk/wp-content/themes/Grace/timthumb.php?src=http://www.meinv.hk/wp-content/uploads/2019/06/2019061723015330.jpeg&h=300&w=750&zc=1,1989年06月29日,吉林
汪小敏,http://www.meinv.hk/wp-content/themes/Grace/timthumb.php?src=http://www.meinv.hk/wp-content/uploads/2019/05/2019052915503091.jpg&h=300&w=750&zc=1,1992年10月01日,广西
陈欣予,http://www.meinv.hk/wp-content/themes/Grace/timthumb.php?src=http://www.meinv.hk/wp-content/uploads/2019/04/2019042223530175.jpg&h=300&w=750&zc=1,11月24日,上海
曹曦月,http://www.meinv.hk/wp-content/themes/Grace/timthumb.php?src=http://www.meinv.hk/wp-content/uploads/2019/04/2019042223500333.jpg&h=300&w=750&zc=1,1994年4月21日,湖北武汉
祝绪丹,http://www.meinv.hk/wp-content/themes/Grace/timthumb.php?src=http://www.meinv.hk/wp-content/uploads/2019/04/2019042223442627.jpg&h=300&w=750&zc=1,1992年4月15日,黑龙江齐齐哈尔
陈钰琪 Yukee,http://www.meinv.hk/wp-content/themes/Grace/timthumb.php?src=http://www.meinv.hk/wp-content/uploads/2019/04/2019041510355269.jpg&h=300&w=750&zc=1,1992年7月29日,四川成都
戚薇 Stephy,http://www.meinv.hk/wp-content/themes/Grace/timthumb.php?src=http://www.meinv.hk/wp-content/uploads/2017/11/2019040122403649.jpg&h=300&w=750&zc=1,1984年10月26日,成都
陈瑶,http://www.meinv.hk/wp-content/themes/Grace/timthumb.php?src=http://www.meinv.hk/wp-content/uploads/2019/03/2019032601231781-e1553534666600.jpg&h=300&w=750&zc=1,1994年10月31日,四川
张雪迎,http://www.meinv.hk/wp-content/themes/Grace/timthumb.php?src=http://www.meinv.hk/wp-content/uploads/2019/03/2019032601195437-e1553534446561.jpg&h=300&w=750&zc=1,1997年6月18日,浙江义乌
张子枫,http://www.meinv.hk/wp-content/themes/Grace/timthumb.php?src=http://www.meinv.hk/wp-content/uploads/2019/03/2019032601173535-e1553534295806.jpg&h=300&w=750&zc=1,2001年8月27日,河南三门峡
潘之琳,http://www.meinv.hk/wp-content/themes/Grace/timthumb.php?src=http://www.meinv.hk/wp-content/uploads/2019/03/2019031014121714-e1552198991685.jpg&h=300&w=750&zc=1,9月5日,上海市长宁区
韩雪 2019,http://www.meinv.hk/wp-content/themes/Grace/timthumb.php?src=http://www.meinv.hk/wp-content/uploads/2019/03/2019031013541531-e1552199178439.jpg&h=300&w=750&zc=1,1983年1月11日,江苏省苏州市
夏雨菲,http://www.meinv.hk/wp-content/themes/Grace/timthumb.php?src=http://www.meinv.hk/wp-content/uploads/2019/02/2019021614142741-e1550297762243.jpg&h=300&w=750&zc=1,1996年3月6日,重庆
熊乃瑾,http://www.meinv.hk/wp-content/themes/Grace/timthumb.php?src=http://www.meinv.hk/wp-content/uploads/2019/02/2019021315405172-e1550043711288.jpg&h=300&w=750&zc=1,1982年10月14日,重庆
关晓彤,http://www.meinv.hk/wp-content/themes/Grace/timthumb.php?src=http://www.meinv.hk/wp-content/uploads/2019/02/2019021314162382.jpg&h=300&w=750&zc=1,1997年9月17日,北京
古力娜扎 Gulnazar,http://www.meinv.hk/wp-content/themes/Grace/timthumb.php?src=http://www.meinv.hk/wp-content/uploads/2018/11/2018111515183415-e1542266360755.jpg&h=300&w=750&zc=1,1992年5月2日,乌鲁木齐
舒畅,http://www.meinv.hk/wp-content/themes/Grace/timthumb.php?src=http://www.meinv.hk/wp-content/uploads/2018/03/2018031922325785-e1521470043169.jpg&h=300&w=750&zc=1,1987年12月1日,重庆
于文文 Kelly,http://www.meinv.hk/wp-content/themes/Grace/timthumb.php?src=http://www.meinv.hk/wp-content/uploads/2018/03/2018030817283240-e1520501416842.jpg&h=300&w=750&zc=1,1989年11月7日,大连
王姿允,http://www.meinv.hk/wp-content/themes/Grace/timthumb.php?src=http://www.meinv.hk/wp-content/uploads/2018/02/2018020721295672-e1518010250992.jpg&h=300&w=750&zc=1,1989年1月14日,上海
徐小飒,http://www.meinv.hk/wp-content/themes/Grace/timthumb.php?src=http://www.meinv.hk/wp-content/uploads/2018/02/2018020721314456-e1518010359754.jpg&h=300&w=750&zc=1,1987年7月16日,天水
孙文婷,http://www.meinv.hk/wp-content/themes/Grace/timthumb.php?src=http://www.meinv.hk/wp-content/uploads/2018/02/2018020721262499-e1518010102830.jpg&h=300&w=750&zc=1,1988年1月19日,重庆
梁缘 Lyna,http://www.meinv.hk/wp-content/themes/Grace/timthumb.php?src=http://www.meinv.hk/wp-content/uploads/2018/01/2019042300082685.jpg&h=300&w=750&zc=1,1993年11月16日,中国
郭雪芙 Puff Kuo,http://www.meinv.hk/wp-content/themes/Grace/timthumb.php?src=http://www.meinv.hk/wp-content/uploads/2017/12/2017120615524167-e1512546829523.jpg&h=300&w=750&zc=1,1988年6月30日,台湾新北市
温雅,http://www.meinv.hk/wp-content/themes/Grace/timthumb.php?src=http://www.meinv.hk/wp-content/uploads/2017/12/2017120615485938-e1512546670474.jpg&h=300&w=750&zc=1,1988年5月3日,广州市
张予馨,http://www.meinv.hk/wp-content/themes/Grace/timthumb.php?src=http://www.meinv.hk/wp-content/uploads/2017/12/2017120615411798-e1512546471278.jpeg&h=300&w=750&zc=1,1993年1月29日,敦化市
孙艺珍 손예진 Son Ye Jin,http://www.meinv.hk/wp-content/themes/Grace/timthumb.php?src=http://www.meinv.hk/wp-content/uploads/2017/11/2017112815323635-e1511854398983.jpg&h=300&w=750&zc=1,1982年1月11日,韩国庆尚北道大邱市
裴秀智 배수지(韩) Suzy Bae(英) Bae Sue Ji(罗马) スジ(日),http://www.meinv.hk/wp-content/themes/Grace/timthumb.php?src=http://www.meinv.hk/wp-content/uploads/2017/11/2017112815285440-e1511854194392.jpg&h=300&w=750&zc=1,1994年10月10日,韩国全罗南道光州广域市
金素妍 김소연 Kim So-yeon,http://www.meinv.hk/wp-content/themes/Grace/timthumb.php?src=http://www.meinv.hk/wp-content/uploads/2017/11/2017112815263740-e1511854040939.jpg&h=300&w=750&zc=1,1980年11月2日,韩国首尔江南区
金荷娜 김하늘 Kim Ha Neul,http://www.meinv.hk/wp-content/themes/Grace/timthumb.php?src=http://www.meinv.hk/wp-content/uploads/2017/11/2017112815235934-e1511853959755.jpg&h=300&w=750&zc=1,1978年2月21日,韩国忠清北道丹阳郡
赵韩樱子 Sarah,http://www.meinv.hk/wp-content/themes/Grace/timthumb.php?src=http://www.meinv.hk/wp-content/uploads/2017/11/2017112800362389-e1511800650753.jpg&h=300&w=750&zc=1,1990年12月16日,烟台
张娜拉 JangNaRa,http://www.meinv.hk/wp-content/themes/Grace/timthumb.php?src=http://www.meinv.hk/wp-content/uploads/2017/11/2017112800332831-e1511800447845.jpg&h=300&w=750&zc=1,1981年3月18日,首尔
菅纫姿 Joyce,http://www.meinv.hk/wp-content/themes/Grace/timthumb.php?src=http://www.meinv.hk/wp-content/uploads/2017/11/2017110817241027.jpg&h=300&w=750&zc=1,1991年10月19日,沈阳
潘时七 Sookie,http://www.meinv.hk/wp-content/themes/Grace/timthumb.php?src=http://www.meinv.hk/wp-content/uploads/2017/11/2017110817222262.jpg&h=300&w=750&zc=1,1988年2月19日,武汉
杨采钰 Oraphan Saithong,http://www.meinv.hk/wp-content/themes/Grace/timthumb.php?src=http://www.meinv.hk/wp-content/uploads/2017/11/2017110817201051-e1510132829970.jpg&h=300&w=750&zc=1,1992年09月28日,泰国
钟楚曦 Elane Zhong,http://www.meinv.hk/wp-content/themes/Grace/timthumb.php?src=http://www.meinv.hk/wp-content/uploads/2017/11/2017110817153277.jpg&h=300&w=750&zc=1,1993年3月18日,广州
苗苗 Vivi,http://www.meinv.hk/wp-content/themes/Grace/timthumb.php?src=http://www.meinv.hk/wp-content/uploads/2017/11/2017110817105725.jpg&h=300&w=750&zc=1,1988年11月29日,北京
刘奕宁 Lynn,http://www.meinv.hk/wp-content/themes/Grace/timthumb.php?src=http://www.meinv.hk/wp-content/uploads/2017/10/2017103003250727.jpg&h=300&w=750&zc=1,1993年12月20日,广州
张萌 Alina Zhang,http://www.meinv.hk/wp-content/themes/Grace/timthumb.php?src=http://www.meinv.hk/wp-content/uploads/2017/10/2017103003231456.jpg&h=300&w=750&zc=1,1981年3月6日,天津
曾泳醍,http://www.meinv.hk/wp-content/themes/Grace/timthumb.php?src=http://www.meinv.hk/wp-content/uploads/2017/10/2017103003151186.jpg&h=300&w=750&zc=1,1988年5月24日,广东深圳
卢杉 Amber,http://www.meinv.hk/wp-content/themes/Grace/timthumb.php?src=http://www.meinv.hk/wp-content/uploads/2017/10/2017103003123880.jpg&h=300&w=750&zc=1,1989年7月25日,山东淄博
赵已晨 Tinna,http://www.meinv.hk/wp-content/themes/Grace/timthumb.php?src=http://www.meinv.hk/wp-content/uploads/2017/10/2017103003070026-e1509304094583.jpg&h=300&w=750&zc=1,,
慕羽茜,http://www.meinv.hk/wp-content/themes/Grace/timthumb.php?src=http://www.meinv.hk/wp-content/uploads/2017/10/2017103002542173-e1509303275780.jpg&h=300&w=750&zc=1,1988年4月15日,上海
赵小臭,http://www.meinv.hk/wp-content/themes/Grace/timthumb.php?src=http://www.meinv.hk/wp-content/uploads/2017/10/2017103002505638-e1509303074860.jpg&h=300&w=750&zc=1,,
戚蓝尹 Niania Elva,http://www.meinv.hk/wp-content/themes/Grace/timthumb.php?src=http://www.meinv.hk/wp-content/uploads/2017/10/2017103002473066-e1509302863600.jpg&h=300&w=750&zc=1,1993年4月6日,江苏扬州
冯提莫,http://www.meinv.hk/wp-content/themes/Grace/timthumb.php?src=http://www.meinv.hk/wp-content/uploads/2017/10/2017102713573491-e1509084034485.jpg&h=300&w=750&zc=1,,
秋瓷炫 Choo Ja Hyun,http://www.meinv.hk/wp-content/themes/Grace/timthumb.php?src=http://www.meinv.hk/wp-content/uploads/2017/10/2017102623384948-e1509032349758.jpg&h=300&w=750&zc=1,1979年1月20日,韩国大邱市
李念,http://www.meinv.hk/wp-content/themes/Grace/timthumb.php?src=http://www.meinv.hk/wp-content/uploads/2017/10/2017102622100568.jpg&h=300&w=750&zc=1,:湖北省荆门市,:双子座
韩雪 Cecilia Han,http://www.meinv.hk/wp-content/themes/Grace/timthumb.php?src=http://www.meinv.hk/wp-content/uploads/2017/10/2017102623404584-e1509032515716.jpg&h=300&w=750&zc=1,,
王鸥 Angel wang,http://www.meinv.hk/wp-content/themes/Grace/timthumb.php?src=http://www.meinv.hk/wp-content/uploads/2016/11/2017102621310713-e1509024743916.jpg&h=300&w=750&zc=1,,
姜妍,http://www.meinv.hk/wp-content/themes/Grace/timthumb.php?src=http://www.meinv.hk/wp-content/uploads/2016/06/011.jpg&h=300&w=750&zc=1,,
朴多贤,http://www.meinv.hk/wp-content/themes/Grace/timthumb.php?src=http://www.meinv.hk/wp-content/uploads/2019/11/2019112807423116.jpeg&h=300&w=750&zc=1,,
柳岩,http://www.meinv.hk/wp-content/themes/Grace/timthumb.php?src=http://www.meinv.hk/wp-content/uploads/2019/11/2019112807393859.jpg&h=300&w=750&zc=1,1980年11月8日,湖南衡阳
李妍静,http://www.meinv.hk/wp-content/themes/Grace/timthumb.php?src=http://www.meinv.hk/wp-content/uploads/2019/11/2019112807372745.jpg&h=300&w=750&zc=1,1992年7月5日,韩国首尔
李乔丹,http://www.meinv.hk/wp-content/themes/Grace/timthumb.php?src=http://www.meinv.hk/wp-content/uploads/2019/11/2019112807334893.jpg&h=300&w=750&zc=1,1990年3月8日,山西太原
李冰冰,http://www.meinv.hk/wp-content/themes/Grace/timthumb.php?src=http://www.meinv.hk/wp-content/uploads/2019/11/2019112807312129.jpg&h=300&w=750&zc=1,1973年2月27日,黑龙江哈尔滨
金鑫,http://www.meinv.hk/wp-content/themes/Grace/timthumb.php?src=http://www.meinv.hk/wp-content/uploads/2019/11/2019112807293313.jpg&h=300&w=750&zc=1,,
蒋梦婕,http://www.meinv.hk/wp-content/themes/Grace/timthumb.php?src=http://www.meinv.hk/wp-content/uploads/2019/11/2019112714592682.jpg&h=300&w=750&zc=1,1989年12月7日,安徽芜湖
胡静,http://www.meinv.hk/wp-content/themes/Grace/timthumb.php?src=http://www.meinv.hk/wp-content/uploads/2019/11/2019112714555573.jpg&h=300&w=750&zc=1,11月13日,云南楚雄
桂纶镁,http://www.meinv.hk/wp-content/themes/Grace/timthumb.php?src=http://www.meinv.hk/wp-content/uploads/2019/11/2019112714520526.jpg&h=300&w=750&zc=1,1983年12月25日,台湾
戴佩妮,http://www.meinv.hk/wp-content/themes/Grace/timthumb.php?src=http://www.meinv.hk/wp-content/uploads/2019/11/2019112714472289.jpg&h=300&w=750&zc=1,1978年4月22日,马来西亚柔佛州
陈妍希,http://www.meinv.hk/wp-content/themes/Grace/timthumb.php?src=http://www.meinv.hk/wp-content/uploads/2019/11/2019112714430559.jpg&h=300&w=750&zc=1,1983年5月31日,台湾台北
陈姝君,http://www.meinv.hk/wp-content/themes/Grace/timthumb.php?src=http://www.meinv.hk/wp-content/uploads/2019/11/2019112714405844.jpg&h=300&w=750&zc=1,1997年底,陕西西安
陈冰,http://www.meinv.hk/wp-content/themes/Grace/timthumb.php?src=http://www.meinv.hk/wp-content/uploads/2019/11/2019112714365144.jpeg&h=300&w=750&zc=1,1990年5月1日,吉林延吉
张梓琳,http://www.meinv.hk/wp-content/themes/Grace/timthumb.php?src=http://www.meinv.hk/wp-content/uploads/2019/11/2019112208085882.jpg&h=300&w=750&zc=1,1984年3月22日,河北石家庄
张静初,http://www.meinv.hk/wp-content/themes/Grace/timthumb.php?src=http://www.meinv.hk/wp-content/uploads/2019/11/2019112208065249.jpg&h=300&w=750&zc=1,1980年2月2日,福建永安
殷桃,http://www.meinv.hk/wp-content/themes/Grace/timthumb.php?src=http://www.meinv.hk/wp-content/uploads/2019/11/2019112208041297.jpg&h=300&w=750&zc=1,1979年12月6日,重庆
徐若瑄,http://www.meinv.hk/wp-content/themes/Grace/timthumb.php?src=http://www.meinv.hk/wp-content/uploads/2019/11/2019112208020581.jpg&h=300&w=750&zc=1,1975年3月19日,台湾台中
吴佩慈,http://www.meinv.hk/wp-content/themes/Grace/timthumb.php?src=http://www.meinv.hk/wp-content/uploads/2019/11/2019112207592485.jpg&h=300&w=750&zc=1,1978年10月4日,台湾新北
陈懿,http://www.meinv.hk/wp-content/themes/Grace/timthumb.php?src=http://www.meinv.hk/wp-content/uploads/2019/11/2019112207565195.jpg&h=300&w=750&zc=1,10月31日,江苏苏州
Amanda Gontijo,http://www.meinv.hk/wp-content/themes/Grace/timthumb.php?src=http://www.meinv.hk/wp-content/uploads/2019/11/2019112207545031.jpg&h=300&w=750&zc=1,,
泽尻英龙华 さわじり エリカ,http://www.meinv.hk/wp-content/themes/Grace/timthumb.php?src=http://www.meinv.hk/wp-content/uploads/2019/11/2019112008281845.jpg&h=300&w=750&zc=1,1986年4月8日,日本东京
吴谨言,http://www.meinv.hk/wp-content/themes/Grace/timthumb.php?src=http://www.meinv.hk/wp-content/uploads/2019/11/2019112008260469.jpeg&h=300&w=750&zc=1,1990年8月16日,四川成都
毛晓彤,http://www.meinv.hk/wp-content/themes/Grace/timthumb.php?src=http://www.meinv.hk/wp-content/uploads/2019/11/2019112008235026.jpeg&h=300&w=750&zc=1,1988年2月16日,天津
江铠同,http://www.meinv.hk/wp-content/themes/Grace/timthumb.php?src=http://www.meinv.hk/wp-content/uploads/2019/11/2019112008214075.jpg&h=300&w=750&zc=1,1989年10月24日,山东青岛
贾静雯,http://www.meinv.hk/wp-content/themes/Grace/timthumb.php?src=http://www.meinv.hk/wp-content/uploads/2019/11/2019112008182957.jpg&h=300&w=750&zc=1,1974年10月7日,台湾台北
陈数,http://www.meinv.hk/wp-content/themes/Grace/timthumb.php?src=http://www.meinv.hk/wp-content/uploads/2019/11/2019112008153127.jpg&h=300&w=750&zc=1,1977年3月9日,湖北黄石
鲍天琦,http://www.meinv.hk/wp-content/themes/Grace/timthumb.php?src=http://www.meinv.hk/wp-content/uploads/2019/11/2019112008125781.jpg&h=300&w=750&zc=1,1992年8月17日,北京
郑秀妍 Jung Soo Yeon 정수연 ジェシカ,http://www.meinv.hk/wp-content/themes/Grace/timthumb.php?src=http://www.meinv.hk/wp-content/uploads/2019/11/2019112006543123.jpg&h=300&w=750&zc=1,1989年4月18日,韩国
权俞利 Kwon Yu Ri 권유리 クォン・ユリ,http://www.meinv.hk/wp-content/themes/Grace/timthumb.php?src=http://www.meinv.hk/wp-content/uploads/2019/11/2019112006524574.jpg&h=300&w=750&zc=1,1989年12月5日,韩国
林允儿 Lim Yoon A 임윤아 ユナ,http://www.meinv.hk/wp-content/themes/Grace/timthumb.php?src=http://www.meinv.hk/wp-content/uploads/2019/11/2019112006484756.jpg&h=300&w=750&zc=1,1990年5月30日,韩国
金泰妍 Kim TaeYeon 김태연,http://www.meinv.hk/wp-content/themes/Grace/timthumb.php?src=http://www.meinv.hk/wp-content/uploads/2019/11/2019112006443383.jpg&h=300&w=750&zc=1,1989年3月9日,韩国
黄美英 Tiffany Young 티파니,http://www.meinv.hk/wp-content/themes/Grace/timthumb.php?src=http://www.meinv.hk/wp-content/uploads/2019/11/2019112006412486.jpeg&h=300&w=750&zc=1,1989年8月1日,韩国
洪秀儿,http://www.meinv.hk/wp-content/themes/Grace/timthumb.php?src=http://www.meinv.hk/wp-content/uploads/2019/11/2019111809212621.jpg&h=300&w=750&zc=1,1986年6月30日,韩国
白宝蓝,http://www.meinv.hk/wp-content/themes/Grace/timthumb.php?src=http://www.meinv.hk/wp-content/uploads/2019/11/2019111809180386.jpg&h=300&w=750&zc=1,1988年6月18日,韩国首尔
童可可,http://www.meinv.hk/wp-content/themes/Grace/timthumb.php?src=http://www.meinv.hk/wp-content/uploads/2019/11/2019111809160171.jpg&h=300&w=750&zc=1,1992年1月27日,湖南长沙
冯提莫 2019,http://www.meinv.hk/wp-content/themes/Grace/timthumb.php?src=http://www.meinv.hk/wp-content/uploads/2019/11/2019111809131255.jpg&h=300&w=750&zc=1,1991年12月19日,重庆
热依扎,http://www.meinv.hk/wp-content/themes/Grace/timthumb.php?src=http://www.meinv.hk/wp-content/uploads/2019/11/2019111809101586.jpg&h=300&w=750&zc=1,1986年7月15日,北京
你的兔妹妹,http://www.meinv.hk/wp-content/themes/Grace/timthumb.php?src=http://www.meinv.hk/wp-content/uploads/2019/11/2019111809054997.jpg&h=300&w=750&zc=1,11月20日,直播签约主播
芮呈和,http://www.meinv.hk/wp-content/themes/Grace/timthumb.php?src=http://www.meinv.hk/wp-content/uploads/2019/11/2019111808593861.jpg&h=300&w=750&zc=1,1988年5月23日,韩国首尔
徐冬冬,http://www.meinv.hk/wp-content/themes/Grace/timthumb.php?src=http://www.meinv.hk/wp-content/uploads/2019/11/2019111721512762.jpg&h=300&w=750&zc=1,1990年2月16日,哈尔滨
郭MINI,http://www.meinv.hk/wp-content/themes/Grace/timthumb.php?src=http://www.meinv.hk/wp-content/uploads/2019/11/2019110522180291.jpg&h=300&w=750&zc=1,1990年1月4日,上海
崔瑟琪 Choi,http://www.meinv.hk/wp-content/themes/Grace/timthumb.php?src=http://www.meinv.hk/wp-content/uploads/2019/11/2019110521514621.jpg&h=300&w=750&zc=1,1986年2月13日,韩国
道晖芝 Dovely,http://www.meinv.hk/wp-content/themes/Grace/timthumb.php?src=http://www.meinv.hk/wp-content/uploads/2019/11/2019110521480765.jpg&h=300&w=750&zc=1,1991年5月6日,韩国
杨紫,http://www.meinv.hk/wp-content/themes/Grace/timthumb.php?src=http://www.meinv.hk/wp-content/uploads/2019/11/2019110520460463.jpg&h=300&w=750&zc=1,1992年11月6日,北京
杨幂,http://www.meinv.hk/wp-content/themes/Grace/timthumb.php?src=http://www.meinv.hk/wp-content/uploads/2019/11/2019110520440441.jpg&h=300&w=750&zc=1,1986年9月12日,北京
孙怡,http://www.meinv.hk/wp-content/themes/Grace/timthumb.php?src=http://www.meinv.hk/wp-content/uploads/2019/11/2019110520423360.jpg&h=300&w=750&zc=1,1993年6月4日,吉林集安
李沁,http://www.meinv.hk/wp-content/themes/Grace/timthumb.php?src=http://www.meinv.hk/wp-content/uploads/2019/11/2019110520405413.jpg&h=300&w=750&zc=1,1990年9月27日,江苏苏州
豆得儿,http://www.meinv.hk/wp-content/themes/Grace/timthumb.php?src=http://www.meinv.hk/wp-content/uploads/2019/11/2019110520380063.jpg&h=300&w=750&zc=1,1995年,四川都江堰
徐雅,http://www.meinv.hk/wp-content/themes/Grace/timthumb.php?src=http://www.meinv.hk/wp-content/uploads/2019/11/2019110422412633.jpg&h=300&w=750&zc=1,,
徐恩智,http://www.meinv.hk/wp-content/themes/Grace/timthumb.php?src=http://www.meinv.hk/wp-content/uploads/2019/11/2019110422300637.jpg&h=300&w=750&zc=1,,
雪梨 셀리,http://www.meinv.hk/wp-content/themes/Grace/timthumb.php?src=http://www.meinv.hk/wp-content/uploads/2019/11/2019110422014471.jpg&h=300&w=750&zc=1,1995年12月21日,韩国
徐珠贤 Seohyun,http://www.meinv.hk/wp-content/themes/Grace/timthumb.php?src=http://www.meinv.hk/wp-content/uploads/2019/11/2019110421381746.jpeg&h=300&w=750&zc=1,1991年6月28日,韩国首尔
朱敏希 Joo Min Hee,http://www.meinv.hk/wp-content/themes/Grace/timthumb.php?src=http://www.meinv.hk/wp-content/uploads/2019/11/2019110421000073.jpg&h=300&w=750&zc=1,1993年1月3日,韩国
孟美岐,http://www.meinv.hk/wp-content/themes/Grace/timthumb.php?src=http://www.meinv.hk/wp-content/uploads/2019/11/2019110322421779.jpg&h=300&w=750&zc=1,1998年10月15日,河南洛阳
石原里美 石原さとみ,http://www.meinv.hk/wp-content/themes/Grace/timthumb.php?src=http://www.meinv.hk/wp-content/uploads/2019/10/2019103109262876.jpg&h=300&w=750&zc=1,1986年12月24日,日本东京
松冈茉优 MAYU MATSUOKA まつおか まゆ,http://www.meinv.hk/wp-content/themes/Grace/timthumb.php?src=http://www.meinv.hk/wp-content/uploads/2019/10/2019103109020279.jpg&h=300&w=750&zc=1,1995年2月16日,日本东京
青山知可子 Chikako Aoyama あおやま ちかこ,http://www.meinv.hk/wp-content/themes/Grace/timthumb.php?src=http://www.meinv.hk/wp-content/uploads/2019/10/2019103108330495.jpg&h=300&w=750&zc=1,1966年7月7日,日本大阪
许允美 허윤미,http://www.meinv.hk/wp-content/themes/Grace/timthumb.php?src=http://www.meinv.hk/wp-content/uploads/2019/10/2019103022265227.jpg&h=300&w=750&zc=1,1986年3月23日,韩国仁川
周二珂,http://www.meinv.hk/wp-content/themes/Grace/timthumb.php?src=http://www.meinv.hk/wp-content/uploads/2019/10/2019102919024719.jpg&h=300&w=750&zc=1,1995年1月6日,广东湛江
阿冷 2019,http://www.meinv.hk/wp-content/themes/Grace/timthumb.php?src=http://www.meinv.hk/wp-content/uploads/2019/10/2019102723135551.jpg&h=300&w=750&zc=1,1992年11月06日,江西鹰潭
朴孝敏 Park Hyo Min 박효민,http://www.meinv.hk/wp-content/themes/Grace/timthumb.php?src=http://www.meinv.hk/wp-content/uploads/2019/10/2019102710360157.jpg&h=300&w=750&zc=1,1989年5月30日,韩国釜山
张天爱 2019,http://www.meinv.hk/wp-content/themes/Grace/timthumb.php?src=http://www.meinv.hk/wp-content/uploads/2019/10/2019102617221872.jpg&h=300&w=750&zc=1,1990年10月28日,哈尔滨
薇娅,http://www.meinv.hk/wp-content/themes/Grace/timthumb.php?src=http://www.meinv.hk/wp-content/uploads/2019/10/2019102520315589.jpg&h=300&w=750&zc=1,,
王钟瑶,http://www.meinv.hk/wp-content/themes/Grace/timthumb.php?src=http://www.meinv.hk/wp-content/uploads/2019/10/2019102421324038.jpeg&h=300&w=750&zc=1,1993年07月20日,吉林长春
郑秀晶 Krystal,http://www.meinv.hk/wp-content/themes/Grace/timthumb.php?src=http://www.meinv.hk/wp-content/uploads/2019/10/2019102320360863.jpg&h=300&w=750&zc=1,1994年10月24日,旧金山
郭珍霓,http://www.meinv.hk/wp-content/themes/Grace/timthumb.php?src=http://www.meinv.hk/wp-content/uploads/2019/10/2019102119433552.jpg&h=300&w=750&zc=1,1982年1月8日,哈尔滨
